,pearsons_r,rmse,class_error,mcc,auroc
TP,0.5771812150148461,3.915841300802013,0.3256410256410256,0.34213446667466263,0.6694444444444445
colour,0.8188363484304473,9.36037929043177,0.23076923076923075,0.4714045207910316,0.7307692307692306
cyano,0.6741386911627337,0.9502044173822692,0.125,0.7776199152802309,0.8846153846153845
chla,0.648,4.6,0.10800000000000001,0.706,0.853
